{
  "top10": {
    "name": "FULL UNIVERSE (top 10)",
    "n_symbols": 10,
    "n_trades": 128,
    "pnl_usd": 227.44485045255988,
    "pnl_pct": 45.48897009051198,
    "max_dd_pct": 0.1548213724285769,
    "sharpe": 2.1866614151962764,
    "sortino": 14.750312731980324,
    "win_rate": 0.4921875,
    "profit_factor": 1.590509352356404,
    "per_symbol_sharpe_pass": 4,
    "per_symbol_sharpe_total": 9,
    "gates": {
      "per_symbol_sharpe_0.8": false,
      "combined_sharpe_1.0": true,
      "max_dd_0.08": false
    },
    "per_symbol": {
      "BTC-USDT-SWAP": {
        "trades": 60,
        "sharpe": 1.5771057071844456,
        "pnl": 117.20580258701989,
        "win_rate": 0.5166666666666667,
        "max_dd": 0.0
      },
      "ETH-USDT-SWAP": {
        "trades": 17,
        "sharpe": 1.648167479792694,
        "pnl": 78.27674387189506,
        "win_rate": 0.47058823529411764,
        "max_dd": 0.0
      },
      "BNB-USDT-SWAP": {
        "trades": 8,
        "sharpe": 1.1393023460445773,
        "pnl": 18.24412818613996,
        "win_rate": 0.625,
        "max_dd": 0.0
      },
      "SOL-USDT-SWAP": {
        "trades": 3,
        "sharpe": 0.09410947264622342,
        "pnl": 1.892328554346875,
        "win_rate": 0.3333333333333333,
        "max_dd": 0.0
      },
      "XRP-USDT-SWAP": {
        "trades": 10,
        "sharpe": -0.0003878344055532803,
        "pnl": -0.01181345053549876,
        "win_rate": 0.3,
        "max_dd": 0.0
      },
      "DOGE-USDT-SWAP": {
        "trades": 6,
        "sharpe": 0.7577501919163346,
        "pnl": 20.257999524484603,
        "win_rate": 0.5,
        "max_dd": 0.0
      },
      "ADA-USDT-SWAP": {
        "trades": 5,
        "sharpe": -0.38500199551244757,
        "pnl": -8.85217197337414,
        "win_rate": 0.2,
        "max_dd": 0.0
      },
      "AVAX-USDT-SWAP": {
        "trades": 3,
        "sharpe": -6.9581721810982,
        "pnl": -19.433366911796156,
        "win_rate": 0.0,
        "max_dd": 0.0
      },
      "TRX-USDT-SWAP": {
        "trades": 16,
        "sharpe": 1.006363580045091,
        "pnl": 19.865200064379792,
        "win_rate": 0.6875,
        "max_dd": 0.0
      },
      "LINK-USDT-SWAP": {
        "trades": 0,
        "sharpe": 0.0,
        "pnl": 0.0,
        "win_rate": 0.0,
        "max_dd": 0.0
      }
    }
  },
  "top6": {
    "name": "FILTERED UNIVERSE (top 6 profitable)",
    "n_symbols": 6,
    "n_trades": 113,
    "pnl_usd": 232.13007149232283,
    "pnl_pct": 46.426014298464565,
    "max_dd_pct": 0.06896913620885253,
    "sharpe": 2.5215763748064717,
    "sortino": 14.917950010370447,
    "win_rate": 0.504424778761062,
    "profit_factor": 1.7497853494975348,
    "per_symbol_sharpe_pass": 3,
    "per_symbol_sharpe_total": 6,
    "gates": {
      "per_symbol_sharpe_0.8": true,
      "combined_sharpe_1.0": true,
      "max_dd_0.08": true
    },
    "per_symbol": {
      "BTC-USDT-SWAP": {
        "trades": 54,
        "sharpe": 1.269284347226843,
        "pnl": 87.390515337936,
        "win_rate": 0.48148148148148145,
        "max_dd": 0.0
      },
      "ETH-USDT-SWAP": {
        "trades": 10,
        "sharpe": 0.7260567153563884,
        "pnl": 23.792520966406983,
        "win_rate": 0.4,
        "max_dd": 0.0
      },
      "SOL-USDT-SWAP": {
        "trades": 9,
        "sharpe": 1.6141864494932578,
        "pnl": 49.70584260997089,
        "win_rate": 0.5555555555555556,
        "max_dd": 0.0
      },
      "BNB-USDT-SWAP": {
        "trades": 7,
        "sharpe": 0.3613146609720362,
        "pnl": 5.9649298664064645,
        "win_rate": 0.5714285714285714,
        "max_dd": 0.0
      },
      "XRP-USDT-SWAP": {
        "trades": 10,
        "sharpe": -0.80970151035627,
        "pnl": -18.45883437579903,
        "win_rate": 0.2,
        "max_dd": 0.0
      },
      "TRX-USDT-SWAP": {
        "trades": 23,
        "sharpe": 2.734912822991781,
        "pnl": 83.73509708740107,
        "win_rate": 0.6956521739130435,
        "max_dd": 0.0
      }
    }
  }
}